"Date Opened","Time Opened","Opening Price","Legs","Premium","Closing Price","Date Closed","Time Closed","Avg. Closing Cost","Reason For Close","P/L","P/L %","No. of Contracts","Funds at Close","Margin Req.","Strategy","Opening Commissions + Fees","Opening Short/Long Ratio","Closing Short/Long Ratio","Opening VIX","Closing VIX","Gap","Movement","Max Profit","Max Loss"
"2025-07-08","10:33:00",6230.06,"4 Jul 8 6215 P BTO 4.50 | 4 Jul 8 6230 C BTO 9.90 | 4 Jul 8 6260 C STO 1.05 | 4 Jul 8 6185 P STO 0.95",-1250,6225.52,"2025-07-08","16:00:00",0,"Expired",-5028.48,-100.5696,4,217093.72,5000,"",28.48,0.14,1,16.89,16.87,4.05,-3.97,21.2,-100
"2025-06-26","10:30:00",6123.18,"5 Jun 26 6110 P BTO 3.75 | 5 Jun 26 6125 C BTO 7.20 | 5 Jun 26 6155 C STO 0.55 | 5 Jun 26 6075 P STO 0.75",-975,6141.02,"2025-06-26","16:00:00",-1602,"Expired",3099.4,63.5774358974359,5,222122.2,4875,"",35.6,0.12,0.006,16.38,16.43,19.93,11.09,102.56,-7.69
"2025-06-24","10:30:00",6069.38,"4 Jun 24 6055 P BTO 5.60 | 4 Jun 24 6070 C BTO 10.25 | 4 Jun 24 6100 C STO 1.15 | 4 Jun 24 6025 P STO 1.80",-1300,6092.18,"2025-06-24","16:00:00",-2218,"Expired",3643.52,70.06769230769231,4,219022.8,5200,"",28.48,0.19,0.004,17.93,17.54,36.04,8.17,116.54,-1.54
"2025-06-18","10:30:00",6014.45,"2 Jun 18 6000 P BTO 11.95 | 2 Jun 18 6015 C BTO 16.45 | 2 Jun 18 6045 C STO 4.30 | 2 Jun 18 5970 P STO 5.55",-1865,5980.87,"2025-06-18","16:00:00",-1913,"Expired",81.76,2.191957104557641,2,215379.28,3730,"",14.24,0.35,0.005,19.74,20.27,5.21,26.52,8.85,-56.3
"2025-06-16","10:30:00",6046.9,"4 Jun 16 6030 P BTO 4.80 | 4 Jun 16 6045 C BTO 11.70 | 4 Jun 16 6075 C STO 1.40 | 4 Jun 16 6000 P STO 1.80",-1340,6033.11,"2025-06-16","16:00:00",0,"Expired",-5388.48,-100.53134328358209,4,215297.52,5360,"",28.48,0.19,0.5,18.85,19.1,27.03,42.9,6.34,-100
"2025-06-11","10:35:00",6056.85,"4 Jun 11 6040 P BTO 4.45 | 4 Jun 11 6055 C BTO 10.95 | 4 Jun 11 6085 C STO 1.45 | 4 Jun 11 6010 P STO 1.05",-1300,6022.24,"2025-06-11","16:00:00",-1776,"Expired",1875.52,36.067692307692305,4,220686,5200,"",28.48,0.16,0.006,16.37,17.38,10.57,7.47,96.92,-49.23
"2025-06-10","12:02:00",6025.42,"4 Jun 10 6010 P BTO 4.30 | 4 Jun 10 6025 C BTO 9.30 | 4 Jun 10 6055 C STO 1.20 | 4 Jun 10 5980 P STO 0.90",-1160,6038.81,"2025-06-10","16:00:00",-1381,"Expired",855.52,18.43793103448276,4,218810.48,4640,"",28.48,0.15,0.007,16.93,16.73,4.03,15.51,43.1,-66.38
"2025-06-06","11:49:00",5997.4,"3 Jun 6 5980 P BTO 5.05 | 3 Jun 6 5995 C BTO 12.35 | 3 Jun 6 6025 C STO 1.50 | 3 Jun 6 5950 P STO 1.55",-1445,6000.36,"2025-06-06","16:00:00",-536,"Expired",-2748.36,-63.399307958477515,3,217954.96,4335,"",21.36,0.18,0.018,16.95,16.82,47.76,10.34,21.8,-62.91
"2025-06-05","11:00:00",5983.22,"3 Jun 5 5970 P BTO 7.05 | 3 Jun 5 5985 C BTO 10.90 | 3 Jun 5 6015 C STO 2.05 | 3 Jun 5 5940 P STO 1.80",-1420,5939.3,"2025-06-05","16:00:00",-3000,"Expired",4718.64,110.7661971830986,3,220703.32,4260,"",21.36,0.21,0.043,17.27,18.57,14.86,-2.45,111.27,-53.17
"2025-06-03","10:46:00",5948.78,"4 Jun 3 5935 P BTO 5.15 | 4 Jun 3 5950 C BTO 9.45 | 4 Jun 3 5980 C STO 1.35 | 4 Jun 3 5905 P STO 1.25",-1210,5970.37,"2025-06-03","16:00:00",-2037,"Expired",3279.52,67.7586776859504,4,215984.68,4840,"",28.48,0.18,0.005,18.06,17.68,2.62,10.22,109.09,-0.83
"2025-05-27","10:30:00",5890.46,"3 May 27 5875 P BTO 5.55 | 3 May 27 5890 C BTO 11.15 | 3 May 27 5920 C STO 1.65 | 3 May 27 5845 P STO 1.45",-1370,5921.54,"2025-05-27","16:00:00",-3000,"Expired",4868.64,118.45839416058395,3,212705.16,4110,"",21.36,0.19,0.029,19.52,18.97,51.25,36.39,118.98,-6.93
"2025-05-16","11:42:00",5930.21,"4 May 16 5915 P BTO 4.75 | 4 May 16 5930 C BTO 9.75 | 4 May 16 5960 C STO 1.35 | 4 May 16 5885 P STO 0.90",-1235,5958.38,"2025-05-16","16:00:00",-2838,"Expired",6383.52,129.22105263157894,4,207836.52,4940,"",28.48,0.16,0.005,17.38,17.2,12.16,1.12,129.8,-11.34
"2025-05-12","10:46:00",5810.5,"2 May 12 5795 P BTO 9.40 | 2 May 12 5810 C BTO 16.25 | 2 May 12 5840 C STO 5.15 | 2 May 12 5765 P STO 3.40",-1720,5844.19,"2025-05-12","16:00:00",-3000,"Expired",2545.76,74.00465116279071,2,201453,3440,"",14.24,0.33,0.126,19.24,18.22,147.29,3.3,74.42,-24.71
"2025-05-08","11:21:00",5669.68,"2 May 8 5655 P BTO 10.90 | 2 May 8 5670 C BTO 17.35 | 2 May 8 5700 C STO 5.70 | 2 May 8 5625 P STO 4.30",-1835,5663.94,"2025-05-08","16:00:00",0,"Expired",-3684.24,-100.38801089918255,2,198907.24,3670,"",14.24,0.35,1,22.49,22.58,32.32,6.08,48.23,-100
"2025-05-07","10:30:00",5635.55,"2 May 7 5620 P BTO 15.05 | 2 May 7 5635 C BTO 21.20 | 2 May 7 5665 C STO 9.15 | 2 May 7 5595 P STO 8.20",-1900,5631.28,"2025-05-07","16:00:00",0,"Expired",-3814.24,-100.37473684210525,2,202591.48,3800,"",14.24,0.48,0.2,24.47,23.72,7.27,21.37,3.42,-100
"2025-05-02","12:02:00",5686.31,"3 May 2 5670 P BTO 7.30 | 3 May 2 5685 C BTO 14.55 | 3 May 2 5715 C STO 3.50 | 3 May 2 5645 P STO 3.40",-1505,5686.67,"2025-05-02","16:00:00",-167,"Expired",-4035.36,-89.37674418604652,3,206405.72,4515,"",21.36,0.32,0.048,22.5,22.7,41.74,40.43,14.29,-96.01
"2025-04-24","10:30:00",5439.91,"2 Apr 24 5425 P BTO 17.80 | 2 Apr 24 5440 C BTO 23.65 | 2 Apr 24 5465 C STO 12.65 | 2 Apr 24 5400 P STO 10.75",-1815,5484.77,"2025-04-24","16:00:00",-2500,"Expired",1355.76,37.348760330578514,2,210441.08,3630,"",14.24,0.56,0.452,27.3,26.68,5.52,58.53,37.74,-6.89
"2025-04-23","10:30:00",5455.42,"2 Apr 23 5440 P BTO 21.25 | 2 Apr 23 5455 C BTO 29.40 | 2 Apr 23 5485 C STO 15.45 | 2 Apr 23 5415 P STO 14.00",-2130,5375.86,"2025-04-23","16:00:00",-2500,"Expired",725.76,17.036619718309858,2,209085.32,4260,"",14.24,0.58,0.595,27.22,28.48,108.16,59.5,20.19,-12.91
"2025-04-22","10:30:00",5246.56,"2 Apr 22 5235 P BTO 16.10 | 2 Apr 22 5245 C BTO 22.45 | 2 Apr 22 5275 C STO 9.30 | 2 Apr 22 5205 P STO 8.20",-2115,5287.76,"2025-04-22","16:00:00",-3000,"Expired",1755.76,41.50732860520095,2,208359.56,4230,"",14.24,0.45,0.281,30.61,30.5,49.47,38.89,42.08,-22.46
"2025-04-15","10:31:00",5419.62,"2 Apr 15 5405 P BTO 17.50 | 2 Apr 15 5420 C BTO 24.15 | 2 Apr 15 5445 C STO 12.50 | 2 Apr 15 5380 P STO 10.70",-1855,5396.63,"2025-04-15","16:00:00",-837,"Expired",-2050.24,-55.26253369272237,2,206603.8,3710,"",14.24,0.56,0.011,29.5,30.02,6.02,7.63,2.7,-76.55
"2025-04-14","10:30:00",5438.92,"2 Apr 14 5425 P BTO 23.10 | 2 Apr 14 5440 C BTO 29.10 | 2 Apr 14 5465 C STO 17.50 | 2 Apr 14 5400 P STO 15.30",-1950,5405.97,"2025-04-14","16:00:00",-1903,"Expired",-108.24,-2.775384615384615,2,208654.04,3900,"",14.24,0.63,0.008,31.44,30.64,78.6,-3.04,7.95,-74.36
"2025-04-09","10:32:00",5018.96,"2 Apr 9 5005 P BTO 52.15 | 2 Apr 9 5020 C BTO 56.85 | 2 Apr 9 5045 C STO 44.40 | 2 Apr 9 4980 P STO 42.40",-2230,5456.9,"2025-04-09","16:00:00",-2500,"Expired",525.76,11.788340807174889,2,208762.28,4460,"",14.24,0.8,0.938,49.71,33.76,-17.49,53.68,14.8,-100
"2025-04-08","10:30:00",5253.01,"2 Apr 8 5240 P BTO 34.20 | 2 Apr 8 5255 C BTO 37.55 | 2 Apr 8 5280 C STO 25.25 | 2 Apr 8 5215 P STO 25.85",-2075,4982.77,"2025-04-08","16:00:00",-2500,"Expired",835.76,20.13879518072289,2,208236.52,4150,"",14.24,0.71,0.904,37.59,52.76,131.32,59.44,28.43,-4.34
"2025-03-24","10:30:00",5754.15,"3 Mar 24 5740 P BTO 6.95 | 3 Mar 24 5755 C BTO 11.05 | 3 Mar 24 5785 C STO 1.45 | 3 Mar 24 5710 P STO 2.45",-1420,5767.57,"2025-03-24","16:00:00",-1257,"Expired",-510.36,-11.980281690140846,3,207400.76,4260,"",21.36,0.22,0.009,18.39,17.58,50.52,36.07,28.87,-59.86
"2025-03-19","10:30:00",5651.65,"2 Mar 19 5640 P BTO 18.95 | 2 Mar 19 5650 C BTO 24.45 | 2 Mar 19 5680 C STO 10.65 | 2 Mar 19 5610 P STO 10.00",-2285,5675.29,"2025-03-19","16:00:00",-2529,"Expired",473.76,10.366739606126915,2,207911.12,4570,"",14.24,0.48,0.004,20.88,20.05,17.71,19.28,27.13,-17.94
"2025-03-14","10:30:00",5575.99,"2 Mar 14 5560 P BTO 15.60 | 2 Mar 14 5575 C BTO 23.30 | 2 Mar 14 5605 C STO 9.95 | 2 Mar 14 5535 P STO 8.85",-2020,5638.94,"2025-03-14","16:00:00",-3000,"Expired",1945.76,48.16237623762376,2,207437.36,4040,"",14.24,0.48,0.531,23.27,21.71,42.33,12.14,48.76,-0.25
"2025-03-12","12:15:00",5613.21,"2 Mar 12 5600 P BTO 14.35 | 2 Mar 12 5615 C BTO 18.80 | 2 Mar 12 5640 C STO 8.95 | 2 Mar 12 5570 P STO 6.35",-1795,5599.3,"2025-03-12","16:00:00",-70,"Expired",-3464.24,-96.49693593314763,2,205491.6,3590,"",14.24,0.46,0.143,24.99,23.99,52.77,-11.63,0,-96.1
"2025-03-07","10:30:00",5732.98,"2 Mar 7 5720 P BTO 22.35 | 2 Mar 7 5735 C BTO 28.00 | 2 Mar 7 5760 C STO 17.10 | 2 Mar 7 5690 P STO 12.75",-2060,5770.2,"2025-03-07","16:00:00",-2500,"Expired",865.76,21.01359223300971,2,208955.84,4120,"",14.24,0.59,0.281,24.37,23.26,-12.51,6.97,21.36,-35.92
"2025-02-26","10:30:00",5992.54,"3 Feb 26 5980 P BTO 8.55 | 3 Feb 26 5995 C BTO 12.55 | 3 Feb 26 6025 C STO 2.40 | 3 Feb 26 5950 P STO 2.75",-1605,5956.06,"2025-02-26","16:00:00",-2394,"Expired",2345.64,48.71526479750779,3,208090.08,4815,"",21.36,0.24,0.004,18.47,19.09,15.62,21.67,69.16,-23.05
"2025-02-13","10:30:00",6078.89,"3 Feb 13 6065 P BTO 6.50 | 3 Feb 13 6080 C BTO 9.70 | 3 Feb 13 6110 C STO 0.80 | 3 Feb 13 6035 P STO 2.25",-1325,6115.07,"2025-02-13","16:00:00",-3000,"Expired",5003.64,125.87773584905662,3,205744.44,3975,"",21.36,0.19,0.152,15.45,15,8.62,18.3,129.43,-25.28
"2025-02-10","10:30:00",6065.92,"3 Feb 10 6050 P BTO 5.05 | 3 Feb 10 6065 C BTO 10.65 | 3 Feb 10 6095 C STO 0.95 | 3 Feb 10 6020 P STO 1.50",-1335,6066.44,"2025-02-10","16:00:00",-144,"Expired",-3594.36,-89.74681647940076,3,200740.8,4005,"",21.36,0.16,0.042,15.96,15.75,20.41,19.52,7.12,-92.88
"2025-02-06","10:37:00",6072.69,"4 Feb 6 6060 P BTO 5.75 | 4 Feb 6 6075 C BTO 9.20 | 4 Feb 6 6105 C STO 1.05 | 4 Feb 6 6025 P STO 1.30",-1270,6083.57,"2025-02-06","16:00:00",-857,"Expired",-1680.48,-33.08031496062992,4,204335.16,5080,"",28.48,0.16,0.011,15.51,15.26,10.74,0.47,7.87,-88.98
"2025-02-05","10:43:00",6029.21,"3 Feb 5 6015 P BTO 6.50 | 3 Feb 5 6030 C BTO 10.80 | 3 Feb 5 6060 C STO 1.55 | 3 Feb 5 5985 P STO 1.90",-1395,6061.48,"2025-02-05","16:00:00",-3000,"Expired",4793.64,114.54336917562725,3,206015.64,4185,"",21.36,0.2,0.053,16.68,15.88,-17.43,8.76,115.05,-13.98
"2025-02-04","10:30:00",6025,"3 Feb 4 6010 P BTO 8.55 | 3 Feb 4 6025 C BTO 14.15 | 3 Feb 4 6055 C STO 3.05 | 3 Feb 4 5980 P STO 3.05",-1670,6037.88,"2025-02-04","16:00:00",-1288,"Expired",-1167.36,-23.300598802395207,3,201222,5010,"",21.36,0.27,0.008,17.45,16.87,3.57,26.86,9.28,-52.69
"2025-01-31","12:23:00",6112.22,"4 Jan 31 6095 P BTO 3.35 | 4 Jan 31 6110 C BTO 9.60 | 4 Jan 31 6145 C STO 0.40 | 4 Jan 31 6065 P STO 0.75",-1190,6040.53,"2025-01-31","16:00:00",-3000,"Expired",7211.52,151.5025210084034,4,202389.36,4760,"",28.48,0.09,0.471,15.07,16.67,25.62,15.43,152.1,-23.53
"2025-01-30","11:47:00",6053.36,"3 Jan 30 6040 P BTO 5.55 | 3 Jan 30 6055 C BTO 9.05 | 3 Jan 30 6085 C STO 1.15 | 3 Jan 30 6010 P STO 1.20",-1235,6071.17,"2025-01-30","16:00:00",-1617,"Expired",1124.64,30.354655870445345,3,195177.84,3705,"",21.36,0.16,0.007,15.59,15.87,11.44,2.61,115.79,-50.2
"2025-01-28","10:30:00",6046.21,"3 Jan 28 6030 P BTO 7.30 | 3 Jan 28 6045 C BTO 12.60 | 3 Jan 28 6075 C STO 2.30 | 3 Jan 28 6000 P STO 2.25",-1545,6067.7,"2025-01-28","16:00:00",-2270,"Expired",2153.64,46.464724919093854,3,194053.2,4635,"",21.36,0.23,0.005,16.93,16.35,14.69,19.24,66.67,-23.3
"2025-01-24","10:30:00",6113.67,"4 Jan 24 6100 P BTO 3.65 | 4 Jan 24 6115 C BTO 7.90 | 4 Jan 24 6145 C STO 0.65 | 4 Jan 24 6070 P STO 0.90",-1010,6101.24,"2025-01-24","16:00:00",0,"Expired",-4068.48,-100.7049504950495,4,191899.56,4040,"",28.48,0.13,0.5,14.71,14.8,2.72,-7.76,12.38,-100
"2025-01-23","10:30:00",6079.17,"4 Jan 23 6065 P BTO 4.15 | 4 Jan 23 6080 C BTO 7.65 | 4 Jan 23 6110 C STO 0.50 | 4 Jan 23 6035 P STO 1.10",-1030,6118.71,"2025-01-23","16:00:00",-3000,"Expired",7851.52,190.5708737864078,4,195968.04,4120,"",28.48,0.14,0.235,14.87,14.96,-10.05,2.85,191.75,-1.46
"2025-01-21","10:30:00",6024.35,"3 Jan 21 6010 P BTO 6.30 | 3 Jan 21 6025 C BTO 10.85 | 3 Jan 21 6055 C STO 1.45 | 3 Jan 21 5980 P STO 1.80",-1400,6049.24,"2025-01-21","16:00:00",-2424,"Expired",3050.64,72.63428571428572,3,188116.52,4200,"",21.36,0.19,0.004,15.38,15.32,17.46,10.23,81.79,-21.79
"2025-01-17","10:30:00",5990.72,"3 Jan 17 5975 P BTO 6.10 | 3 Jan 17 5990 C BTO 12.35 | 3 Jan 17 6020 C STO 1.80 | 3 Jan 17 5945 P STO 1.85",-1490,5996.66,"2025-01-17","16:00:00",-666,"Expired",-2493.36,-55.77986577181208,3,185065.88,4470,"",21.36,0.2,0.016,15.65,15.94,58.06,-4.68,49.33,-64.77
"2025-01-16","10:57:00",5949.29,"3 Jan 16 5935 P BTO 7.20 | 3 Jan 16 5950 C BTO 11.90 | 3 Jan 16 5980 C STO 2.20 | 3 Jan 16 5905 P STO 2.05",-1495,5937.34,"2025-01-16","16:00:00",0,"Expired",-4506.36,-100.476254180602,3,187559.24,4485,"",21.36,0.22,1,15.91,16.27,13.7,-14.32,18.73,-100
"2025-01-15","10:30:00",5943.88,"2 Jan 15 5930 P BTO 9.05 | 2 Jan 15 5945 C BTO 13.70 | 2 Jan 15 5975 C STO 2.65 | 2 Jan 15 5900 P STO 3.55",-1665,5949.91,"2025-01-15","16:00:00",-491,"Expired",-2362.24,-70.93813813813813,2,192065.6,3330,"",14.24,0.27,0.02,16.42,16.13,62.3,38.67,0,-70.51
"2025-01-14","10:30:00",5852.64,"2 Jan 14 5840 P BTO 10.55 | 2 Jan 14 5855 C BTO 14.50 | 2 Jan 14 5880 C STO 5.20 | 2 Jan 14 5810 P STO 3.45",-1650,5842.91,"2025-01-14","16:00:00",0,"Expired",-3314.24,-100.43151515151514,2,194427.84,3300,"",14.24,0.35,0.5,18.52,18.92,23.05,-6.63,30.91,-100
"2025-01-03","10:34:00",5907.92,"3 Jan 3 5895 P BTO 9.65 | 3 Jan 3 5910 C BTO 13.50 | 3 Jan 3 5935 C STO 4.25 | 3 Jan 3 5865 P STO 3.35",-1565,5942.47,"2025-01-03","16:00:00",-2500,"Expired",2783.64,59.289456869009584,3,197742.08,4695,"",21.36,0.33,0.231,17.19,16.13,22.52,16.85,60.7,-11.18
"2025-01-02","11:41:00",5907.07,"3 Jan 2 5890 P BTO 6.70 | 3 Jan 2 5905 C BTO 14.55 | 3 Jan 2 5935 C STO 3.45 | 3 Jan 2 5865 P STO 2.35",-1555,5868.55,"2025-01-02","16:00:00",-2145,"Expired",1748.64,37.484244372990354,3,194958.44,4665,"",21.36,0.27,0.005,17.06,17.99,21.63,3.81,51.13,-15.43
"2024-12-20","10:30:00",5895.64,"2 Dec 20 5880 P BTO 11.80 | 2 Dec 20 5895 C BTO 18.65 | 2 Dec 20 5925 C STO 7.30 | 2 Dec 20 5850 P STO 4.50",-1875,5930.85,"2024-12-20","16:00:00",-3000,"Expired",2235.76,59.62026666666668,2,193209.8,3750,"",14.24,0.39,0.271,20.33,18.18,-25.08,53.64,60,0
"2024-12-18","10:30:00",6060.62,"2 Dec 18 6045 P BTO 8.35 | 2 Dec 18 6060 C BTO 14.85 | 2 Dec 18 6090 C STO 3.70 | 2 Dec 18 6015 P STO 2.20",-1740,5872.16,"2024-12-18","16:00:00",-3000,"Expired",2505.76,72.00459770114944,2,190974.04,3480,"",14.24,0.25,0.855,15.3,24.09,-2.96,12.97,81.32,-19.54
"2024-12-10","10:33:00",6062.28,"5 Dec 10 6045 P BTO 1.65 | 5 Dec 10 6060 C BTO 7.70 | 5 Dec 10 6095 C STO 0.25 | 5 Dec 10 6015 P STO 0.35",-885,6034.91,"2024-12-10","16:00:00",-1009,"Expired",584.4,13.206779661016949,5,188468.28,4425,"",35.6,0.06,0.009,13.99,14.24,4.74,4.69,54.8,-79.1
"2024-12-06","11:37:00",6091.7,"6 Dec 6 6075 P BTO 1.40 | 6 Dec 6 6090 C BTO 6.70 | 6 Dec 6 6120 C STO 0.20 | 6 Dec 6 6045 P STO 0.35",-765,6090.27,"2024-12-06","16:00:00",-27,"Expired",-4470.72,-97.40130718954248,6,187883.88,4590,"",42.72,0.07,0.5,12.91,12.73,6.27,10.32,0,-97.39
"2024-11-29","10:30:00",6025.32,"7 Nov 29 6010 P BTO 1.55 | 7 Nov 29 6025 C BTO 5.65 | 7 Nov 29 6055 C STO 0.20 | 7 Nov 29 5980 P STO 0.25",-685,6032.38,"2024-11-29","13:00:00",-738,"Expired",321.16,6.697810218978102,7,192354.6,4795,"",49.84,0.06,0.01,13.58,13.55,5.24,21.34,175.18,-7.3
"2024-11-26","10:30:00",5999.14,"4 Nov 26 5985 P BTO 3.85 | 4 Nov 26 6000 C BTO 8.70 | 4 Nov 26 6030 C STO 0.55 | 4 Nov 26 5955 P STO 0.95",-1115,6021.63,"2024-11-26","16:00:00",-2163,"Expired",4163.52,93.35246636771302,4,192033.44,4460,"",28.48,0.12,0.004,14.14,14.11,12.66,-0.89,110.31,-31.84
"2024-11-25","10:30:00",6003.03,"4 Nov 25 5990 P BTO 4.00 | 4 Nov 25 6005 C BTO 7.85 | 4 Nov 25 6035 C STO 0.75 | 4 Nov 25 5960 P STO 0.85",-1035,5987.37,"2024-11-25","16:00:00",-263,"Expired",-3116.48,-75.27729468599034,4,187869.92,4140,"",28.48,0.14,0.028,14.7,14.78,22.94,10.75,94.2,-74.59
"2024-11-22","10:32:00",5955.87,"3 Nov 22 5940 P BTO 5.90 | 3 Nov 22 5955 C BTO 13.10 | 3 Nov 22 5985 C STO 2.45 | 3 Nov 22 5910 P STO 1.75",-1490,5969.34,"2024-11-22","16:00:00",-1434,"Expired",-189.36,-4.236241610738255,3,190986.4,4470,"",21.36,0.22,0.007,16.28,15.44,-4.35,11.51,24.16,-67.45
"2024-11-14","10:38:00",5982.82,"4 Nov 14 5970 P BTO 4.80 | 4 Nov 14 5985 C BTO 8.25 | 4 Nov 14 6015 C STO 0.95 | 4 Nov 14 5940 P STO 1.00",-1120,5949.17,"2024-11-14","16:00:00",-2083,"Expired",3823.52,85.34642857142856,4,191175.76,4480,"",28.48,0.15,0.005,13.85,14.06,4.3,-6.86,121.43,-56.25
"2024-11-07","10:58:00",5967.1,"2 Nov 7 5950 P BTO 8.15 | 2 Nov 7 5965 C BTO 15.30 | 2 Nov 7 5995 C STO 3.55 | 2 Nov 7 5920 P STO 2.65",-1735,5973.1,"2024-11-07","16:00:00",-810,"Expired",-1864.24,-53.72449567723343,2,187352.24,3470,"",14.24,0.26,0.011,15.24,15.2,18.17,19.89,5.19,-68.3
"2024-11-05","10:30:00",5756.95,"2 Nov 5 5745 P BTO 7.55 | 2 Nov 5 5755 C BTO 13.30 | 2 Nov 5 5785 C STO 2.20 | 2 Nov 5 5715 P STO 2.70",-1605,5782.76,"2024-11-05","16:00:00",-2776,"Expired",2327.76,72.5158878504673,2,189216.48,3210,"",14.24,0.24,0.005,20.54,20.57,9.74,34.52,72.96,-16.51
"2024-11-01","10:30:00",5771.74,"3 Nov 1 5755 P BTO 5.35 | 3 Nov 1 5770 C BTO 12.40 | 3 Nov 1 5800 C STO 1.95 | 3 Nov 1 5730 P STO 1.90",-1400,5728.8,"2024-11-01","16:00:00",-2500,"Expired",3278.64,78.06285714285714,3,186888.72,4200,"",21.36,0.22,0.052,21.19,22.06,17.77,48.52,78.57,-43.93
"2024-10-17","11:58:00",5863.42,"4 Oct 17 5850 P BTO 3.35 | 4 Oct 17 5865 C BTO 7.00 | 4 Oct 17 5895 C STO 0.55 | 4 Oct 17 5820 P STO 0.55",-935,5841.47,"2024-10-17","16:00:00",-853,"Expired",-356.48,-9.531550802139039,4,183610.08,3740,"",28.48,0.11,0.012,19.07,19.08,33.15,-12.2,9.63,-74.87
"2024-10-11","10:58:00",5813.16,"4 Oct 11 5800 P BTO 5.15 | 4 Oct 11 5815 C BTO 9.00 | 4 Oct 11 5840 C STO 1.35 | 4 Oct 11 5770 P STO 1.50",-1140,5815.03,"2024-10-11","16:00:00",-3,"Expired",-4576.48,-100.36140350877191,4,183966.56,4560,"",28.48,0.2,0.133,20.59,20.5,-4.96,38.07,2.19,-99.74
"2024-10-08","10:30:00",5729.3,"3 Oct 8 5715 P BTO 6.00 | 3 Oct 8 5730 C BTO 9.80 | 3 Oct 8 5760 C STO 1.00 | 3 Oct 8 5685 P STO 1.65",-1325,5751.13,"2024-10-08","16:00:00",-2113,"Expired",2342.64,58.93433962264151,3,188543.04,3975,"",21.36,0.17,0.005,21.54,21.43,23.2,10.16,96.23,-25.66
"2024-10-04","12:03:00",5726.03,"3 Oct 4 5710 P BTO 5.85 | 3 Oct 4 5725 C BTO 11.90 | 3 Oct 4 5755 C STO 1.75 | 3 Oct 4 5685 P STO 2.00",-1410,5751.07,"2024-10-04","16:00:00",-2607,"Expired",3569.64,84.38865248226949,3,186200.4,4230,"",21.36,0.21,0.004,19.03,18.64,37.54,-11.45,93.62,-46.1
"2024-09-09","10:30:00",5454.36,"2 Sep 9 5440 P BTO 10.00 | 2 Sep 9 5455 C BTO 14.90 | 2 Sep 9 5480 C STO 4.60 | 2 Sep 9 5415 P STO 4.65",-1575,5471.05,"2024-09-09","16:00:00",-1605,"Expired",45.76,1.4526984126984126,2,182630.76,3150,"",14.24,0.37,0.006,20.43,19.59,33.65,12.29,31.43,-71.75
"2024-09-05","10:30:00",5538.76,"3 Sep 5 5525 P BTO 7.90 | 3 Sep 5 5540 C BTO 11.80 | 3 Sep 5 5565 C STO 3.05 | 3 Sep 5 5495 P STO 2.40",-1435,5503.41,"2024-09-05","16:00:00",-2159,"Expired",2150.64,49.95679442508711,3,182585,4305,"",21.36,0.28,0.005,19.48,19.98,0.01,18.68,97.56,-31.01
"2024-08-30","10:30:00",5622.53,"3 Aug 30 5610 P BTO 7.55 | 3 Aug 30 5625 C BTO 11.10 | 3 Aug 30 5650 C STO 2.60 | 3 Aug 30 5580 P STO 2.05",-1410,5648.4,"2024-08-30","16:00:00",-2340,"Expired",2768.64,65.45248226950355,3,180434.36,4230,"",21.36,0.25,0.044,15.22,14.82,20.78,9.79,65.96,-63.12
"2024-08-29","10:30:00",5626.55,"2 Aug 29 5610 P BTO 6.20 | 2 Aug 29 5625 C BTO 13.90 | 2 Aug 29 5655 C STO 2.55 | 2 Aug 29 5585 P STO 2.20",-1545,5591.96,"2024-08-29","16:00:00",-1804,"Expired",503.76,16.302912621359223,2,177665.72,3090,"",14.24,0.24,0.006,15.37,15.93,15.12,19.25,33.66,-58.25
"2024-08-23","10:30:00",5638.49,"2 Aug 23 5625 P BTO 10.20 | 2 Aug 23 5640 C BTO 14.60 | 2 Aug 23 5665 C STO 4.70 | 2 Aug 23 5595 P STO 3.75",-1645,5634.61,"2024-08-23","16:00:00",0,"Expired",-3304.24,-100.43282674772036,2,177161.96,3290,"",14.24,0.34,1,16.15,15.72,31.85,36,42.25,-100
"2024-08-15","10:30:00",5517.27,"2 Aug 15 5505 P BTO 6.90 | 2 Aug 15 5515 C BTO 11.90 | 2 Aug 15 5545 C STO 1.45 | 2 Aug 15 5475 P STO 2.10",-1535,5543.22,"2024-08-15","16:00:00",-2822,"Expired",2559.76,83.3798045602606,2,180466.2,3070,"",14.24,0.19,0.004,14.9,15.18,45.92,16.14,83.84,-3.26
"2024-08-14","10:31:00",5433.24,"2 Aug 14 5420 P BTO 9.75 | 2 Aug 14 5435 C BTO 14.00 | 2 Aug 14 5460 C STO 4.75 | 2 Aug 14 5390 P STO 3.45",-1565,5455.21,"2024-08-14","16:00:00",-2021,"Expired",897.76,28.682428115015973,2,177906.44,3130,"",14.24,0.35,0.006,17.16,16.28,7.93,-9.12,50.16,-42.81
"2024-08-13","10:30:00",5388.33,"2 Aug 13 5375 P BTO 9.15 | 2 Aug 13 5390 C BTO 13.45 | 2 Aug 13 5415 C STO 3.55 | 2 Aug 13 5350 P STO 4.05",-1510,5434.43,"2024-08-13","16:00:00",-2500,"Expired",1965.76,65.09139072847681,2,177008.68,3020,"",14.24,0.34,0.45,19.35,18.02,32.59,11.35,69.54,-5.96
"2024-08-08","10:30:00",5293.62,"2 Aug 8 5280 P BTO 16.90 | 2 Aug 8 5295 C BTO 21.60 | 2 Aug 8 5320 C STO 10.10 | 2 Aug 8 5255 P STO 10.00",-1850,5319.31,"2024-08-08","16:00:00",-2431,"Expired",1147.76,31.02054054054054,2,175042.92,3700,"",14.24,0.52,0.045,24.77,23.72,53.07,41.05,31.41,-37.57
"2024-08-07","10:46:00",5320.4,"2 Aug 7 5305 P BTO 12.00 | 2 Aug 7 5320 C BTO 19.00 | 2 Aug 7 5345 C STO 8.05 | 2 Aug 7 5280 P STO 6.10",-1695,5199.5,"2024-08-07","16:00:00",-2500,"Expired",1595.76,47.07256637168142,2,173895.16,3390,"",14.24,0.46,0.754,22.65,28.18,53.1,27.27,55.75,-12.09
"2024-08-06","10:30:00",5244.66,"2 Aug 6 5230 P BTO 18.50 | 2 Aug 6 5245 C BTO 23.85 | 2 Aug 6 5270 C STO 13.10 | 2 Aug 6 5205 P STO 10.85",-1850,5240.03,"2024-08-06","16:00:00",0,"Expired",-3714.24,-100.38486486486487,2,172299.4,3700,"",14.24,0.57,0.333,27.78,27.5,20.09,38.24,35.95,-100
"2024-07-31","10:31:00",5522.3,"2 Jul 31 5510 P BTO 15.60 | 2 Jul 31 5520 C BTO 22.40 | 2 Jul 31 5550 C STO 9.30 | 2 Jul 31 5480 P STO 6.90",-2190,5522.3,"2024-07-31","16:00:00",-230,"Expired",-3934.24,-89.8228310502283,2,176013.64,4380,"",14.24,0.43,0.03,16.28,16.42,69.15,16.71,4.57,-89.5
"2024-07-26","10:30:00",5453.81,"2 Jul 26 5440 P BTO 10.60 | 2 Jul 26 5455 C BTO 14.90 | 2 Jul 26 5480 C STO 5.70 | 2 Jul 26 5415 P STO 4.45",-1545,5459.1,"2024-07-26","16:00:00",-410,"Expired",-2284.24,-73.92362459546925,2,179947.88,3090,"",14.24,0.4,0.022,17.06,16.4,34.45,20.14,33.98,-91.59
"2024-07-22","10:30:00",5549.28,"3 Jul 22 5535 P BTO 6.65 | 3 Jul 22 5550 C BTO 11.75 | 3 Jul 22 5575 C STO 2.80 | 3 Jul 22 5510 P STO 2.15",-1355,5564.41,"2024-07-22","16:00:00",-1441,"Expired",236.64,5.82140221402214,3,182232.12,4065,"",21.36,0.27,0.007,15.58,14.75,39.54,4.74,33.95,-27.68
"2024-07-18","10:30:00",5606.86,"3 Jul 18 5595 P BTO 5.70 | 3 Jul 18 5605 C BTO 11.25 | 3 Jul 18 5635 C STO 1.80 | 3 Jul 18 5565 P STO 1.00",-1425,5544.59,"2024-07-18","16:00:00",-3000,"Expired",4703.64,110.02666666666667,3,181995.48,4275,"",21.36,0.17,0.418,14.19,15.98,20.29,-1.7,119.3,-1.75
"2024-07-12","10:30:00",5616.59,"3 Jul 12 5605 P BTO 4.60 | 3 Jul 12 5615 C BTO 10.15 | 3 Jul 12 5645 C STO 1.25 | 3 Jul 12 5575 P STO 0.85",-1275,5615.35,"2024-07-12","16:00:00",-35,"Expired",-3741.36,-97.81333333333335,3,177291.84,3825,"",21.36,0.14,0.222,12.25,12.36,6.22,25.83,129.8,-97.25
"2024-06-05","10:33:00",5315.07,"3 Jun 5 5300 P BTO 4.95 | 3 Jun 5 5315 C BTO 9.85 | 3 Jun 5 5340 C STO 1.60 | 3 Jun 5 5275 P STO 1.40",-1190,5354.03,"2024-06-05","16:00:00",-2500,"Expired",3908.64,109.48571428571428,3,181033.2,3570,"",21.36,0.2,0.347,12.87,12.61,23.14,0.59,110.5,-6.3
"2024-05-30","10:30:00",5248.36,"4 May 30 5235 P BTO 3.85 | 4 May 30 5250 C BTO 7.90 | 4 May 30 5275 C STO 0.95 | 4 May 30 5210 P STO 0.65",-1025,5235.48,"2024-05-30","16:00:00",0,"Expired",-4128.48,-100.69463414634146,4,177124.56,4100,"",28.48,0.14,0.4,13.84,14.22,-7.18,-11.41,13.17,-100
"2024-05-24","10:30:00",5295.13,"4 May 24 5280 P BTO 3.40 | 4 May 24 5295 C BTO 8.70 | 4 May 24 5320 C STO 1.05 | 4 May 24 5255 P STO 0.85",-1030,5304.72,"2024-05-24","16:00:00",-972,"Expired",-260.48,-6.322330097087379,4,181253.04,4120,"",28.48,0.16,0.01,12.24,11.91,13.61,13.68,57.28,-64.08
"2024-05-15","10:30:00",5275.51,"4 May 15 5260 P BTO 3.35 | 4 May 15 5275 C BTO 8.35 | 4 May 15 5300 C STO 1.00 | 4 May 15 5235 P STO 1.00",-980,5308.15,"2024-05-15","16:00:00",-2500,"Expired",6051.52,154.37551020408165,4,181513.52,3920,"",28.48,0.17,0.256,12.89,12.39,16.58,12.25,158.67,0
"2024-04-23","10:30:00",5059.55,"3 Apr 23 5045 P BTO 6.60 | 3 Apr 23 5060 C BTO 10.90 | 3 Apr 23 5085 C STO 2.65 | 3 Apr 23 5020 P STO 2.35",-1260,5070.55,"2024-04-23","16:00:00",-1055,"Expired",-636.36,-16.834920634920636,3,175462,3780,"",21.36,0.29,0.009,16.33,15.8,18.25,30.7,22.22,-45.63
"2024-04-22","10:41:00",4983.79,"3 Apr 22 4970 P BTO 7.35 | 3 Apr 22 4985 C BTO 11.95 | 3 Apr 22 5010 C STO 3.05 | 3 Apr 22 4945 P STO 2.35",-1400,5010.6,"2024-04-22","16:00:00",-2500,"Expired",3278.64,78.06285714285714,3,176098.36,4200,"",21.36,0.28,0.028,17.94,16.82,20.1,-3.54,78.57,-18.21
"2024-04-18","10:35:00",5040.78,"2 Apr 18 5030 P BTO 9.35 | 2 Apr 18 5040 C BTO 13.80 | 2 Apr 18 5065 C STO 4.25 | 2 Apr 18 5005 P STO 3.45",-1555,5011.12,"2024-04-18","16:00:00",-1888,"Expired",651.76,20.95691318327974,2,172819.72,3110,"",14.24,0.33,0.005,17.64,18.09,9.31,9.26,33.76,-37.94
"2024-04-17","10:30:00",5059.75,"2 Apr 17 5045 P BTO 8.30 | 2 Apr 17 5060 C BTO 14.05 | 2 Apr 17 5085 C STO 4.85 | 2 Apr 17 5020 P STO 2.95",-1465,5022.21,"2024-04-17","16:00:00",-2279,"Expired",1613.76,55.07713310580205,2,172167.96,2930,"",14.24,0.35,0.015,17.72,18.17,17.56,-9.22,55.56,-46.42
"2024-04-16","11:09:00",5053.65,"2 Apr 16 5040 P BTO 11.30 | 2 Apr 16 5055 C BTO 16.20 | 2 Apr 16 5080 C STO 6.30 | 2 Apr 16 5015 P STO 4.95",-1635,5051.41,"2024-04-16","16:00:00",0,"Expired",-3284.24,-100.43547400611621,2,170554.2,3270,"",14.24,0.41,1,18.71,18.33,2.77,-10.94,9.48,-100
"2024-04-08","10:30:00",5213.7,"4 Apr 8 5200 P BTO 3.90 | 4 Apr 8 5215 C BTO 7.90 | 4 Apr 8 5240 C STO 1.05 | 4 Apr 8 5175 P STO 1.00",-985,5202.39,"2024-04-08","16:00:00",0,"Expired",-3968.48,-100.7228426395939,4,173838.44,3940,"",28.48,0.17,1,15.62,15.25,7.03,2.33,10.66,-100
"2024-04-04","11:42:00",5248.21,"6 Apr 4 5235 P BTO 1.85 | 6 Apr 4 5250 C BTO 5.00 | 6 Apr 4 5275 C STO 0.25 | 6 Apr 4 5210 P STO 0.35",-635,5147.21,"2024-04-04","16:00:00",-2500,"Expired",11147.28,292.5795275590551,6,177806.92,3810,"",42.72,0.09,0.707,13.86,16.53,32.56,4.16,311.02,-32.28
"2024-03-26","10:30:00",5230.33,"5 Mar 26 5215 P BTO 1.45 | 5 Mar 26 5230 C BTO 6.60 | 5 Mar 26 5255 C STO 0.40 | 5 Mar 26 5190 P STO 0.25",-750,5203.58,"2024-03-26","16:00:00",-1142,"Expired",1924.4,51.31733333333334,5,166659.64,3750,"",35.6,0.08,0.009,13,13.38,10.66,1.48,52.27,-88.67
"2024-03-12","10:30:00",5157,"2 Mar 12 5145 P BTO 7.00 | 2 Mar 12 5155 C BTO 12.55 | 2 Mar 12 5185 C STO 2.10 | 2 Mar 12 5120 P STO 2.25",-1530,5175.27,"2024-03-12","16:00:00",-2027,"Expired",979.76,32.01830065359477,2,164735.24,3060,"",14.24,0.22,0.005,14.17,13.86,16.36,22.7,58.5,-33.66
"2024-02-27","10:30:00",5071.68,"3 Feb 27 5060 P BTO 3.25 | 3 Feb 27 5070 C BTO 8.50 | 3 Feb 27 5095 C STO 0.85 | 3 Feb 27 5035 P STO 0.45",-1055,5078.18,"2024-02-27","16:00:00",-818,"Expired",-732.36,-23.139336492890997,3,163755.48,3165,"",21.36,0.11,0.01,13.51,13.48,5.07,-2.92,0,-59.24
"2024-02-22","10:30:00",5063.37,"3 Feb 22 5050 P BTO 5.10 | 3 Feb 22 5065 C BTO 9.20 | 3 Feb 22 5090 C STO 1.65 | 3 Feb 22 5025 P STO 1.25",-1150,5087.03,"2024-02-22","16:00:00",-2203,"Expired",3137.64,90.94608695652173,3,164487.84,3450,"",21.36,0.2,0.004,14.16,14.58,57.03,24.54,110.43,-21.74
"2024-02-14","10:30:00",4989.24,"4 Feb 14 4975 P BTO 3.60 | 4 Feb 14 4990 C BTO 8.05 | 4 Feb 14 5015 C STO 0.95 | 4 Feb 14 4950 P STO 0.80",-1000,5000.62,"2024-02-14","16:00:00",-1062,"Expired",219.52,5.488,4,161350.2,4000,"",28.48,0.15,0.01,14.25,14.31,23.27,12.8,43.5,-76.5
"2024-01-19","11:12:00",4807.22,"3 Jan 19 4795 P BTO 3.70 | 3 Jan 19 4805 C BTO 9.35 | 3 Jan 19 4830 C STO 1.25 | 3 Jan 19 4770 P STO 0.95",-1095,4839.81,"2024-01-19","16:00:00",-2500,"Expired",4193.64,127.66027397260275,3,161130.68,3285,"",21.36,0.17,0.259,13.6,13.33,15.34,10.94,132.42,-25.57
"2024-01-18","10:50:00",4763.94,"4 Jan 18 4750 P BTO 3.05 | 4 Jan 18 4765 C BTO 7.25 | 4 Jan 18 4790 C STO 0.75 | 4 Jan 18 4730 P STO 0.65",-900,4780.94,"2024-01-18","16:00:00",-1594,"Expired",2747.52,76.32,4,156937.04,3600,"",28.48,0.14,0.007,14.23,14.21,20.89,3.84,117.78,-58.33
"2024-01-05","10:30:00",4712.62,"4 Jan 5 4700 P BTO 4.60 | 4 Jan 5 4715 C BTO 7.65 | 4 Jan 5 4735 C STO 1.80 | 4 Jan 5 4675 P STO 1.10",-945,4697.24,"2024-01-05","16:00:00",-276,"Expired",-2704.48,-71.54708994708994,4,154189.52,3780,"",28.48,0.24,0.028,13.37,13.42,1.89,22.05,65.08,-72.49
"2023-12-27","10:30:00",4776.48,"4 Dec 27 4765 P BTO 2.80 | 4 Dec 27 4775 C BTO 7.65 | 4 Dec 27 4800 C STO 0.55 | 4 Dec 27 4740 P STO 0.35",-965,4781.58,"2023-12-27","16:00:00",-658,"Expired",-1256.48,-32.55129533678757,4,156894,3860,"",28.48,0.09,0.014,12.7,12.42,-1.3,3.03,10.36,-91.19
"2023-12-19","12:27:00",4758.34,"7 Dec 19 4745 P BTO 1.00 | 7 Dec 19 4760 C BTO 4.25 | 7 Dec 19 4780 C STO 0.25 | 7 Dec 19 4725 P STO 0.20",-490,4768.37,"2023-12-19","16:00:00",-837,"Expired",2379.16,69.36326530612244,7,158150.48,3430,"",49.84,0.09,0.011,12.39,12.48,3.16,14.62,70.82,-63.27
"2023-12-12","10:30:00",4622.62,"4 Dec 12 4610 P BTO 2.95 | 4 Dec 12 4625 C BTO 6.05 | 4 Dec 12 4645 C STO 0.85 | 4 Dec 12 4590 P STO 0.60",-765,4643.7,"2023-12-12","16:00:00",-1870,"Expired",4391.52,143.5137254901961,4,155771.32,3060,"",28.48,0.16,0.006,12.31,12.04,-4.14,4.32,144.44,-18.3
"2023-12-08","12:04:00",4586.02,"4 Dec 8 4575 P BTO 2.25 | 4 Dec 8 4585 C BTO 6.70 | 4 Dec 8 4610 C STO 0.60 | 4 Dec 8 4550 P STO 0.30",-815,4604.37,"2023-12-08","16:00:00",-1937,"Expired",4459.52,136.7950920245399,4,151379.8,3260,"",28.48,0.1,0.005,12.68,12.46,-9.39,9.82,179.14,-17.18
"2023-12-01","10:53:00",4567.48,"2 Dec 1 4555 P BTO 4.65 | 2 Dec 1 4565 C BTO 11.20 | 2 Dec 1 4590 C STO 2.40 | 2 Dec 1 4535 P STO 1.20",-1235,4594.63,"2023-12-01","16:00:00",-2500,"Expired",2515.76,101.85263157894737,2,146920.28,2470,"",14.24,0.23,0.143,12.75,12.63,-8.37,8.05,102.43,-14.57
"2023-11-17","10:30:00",4509.09,"3 Nov 17 4500 P BTO 4.25 | 3 Nov 17 4510 C BTO 7.25 | 3 Nov 17 4530 C STO 1.40 | 3 Nov 17 4475 P STO 0.60",-960,4514.02,"2023-11-17","16:00:00",-402,"Expired",-1695.36,-58.86666666666667,3,144404.52,2880,"",21.36,0.17,0.027,13.87,13.78,1.31,-0.46,3.65,-85.42
"2023-11-16","10:31:00",4507.04,"3 Nov 16 4495 P BTO 3.65 | 3 Nov 16 4505 C BTO 9.10 | 3 Nov 16 4530 C STO 1.05 | 3 Nov 16 4475 P STO 0.85",-1095,4508.24,"2023-11-16","16:00:00",-324,"Expired",-2334.36,-71.06118721461188,3,146099.88,3285,"",21.36,0.15,0.028,13.86,14.26,-5.8,9.96,0,-89.5
"2023-11-10","10:54:00",4362.02,"3 Nov 10 4350 P BTO 3.75 | 3 Nov 10 4360 C BTO 9.25 | 3 Nov 10 4385 C STO 1.00 | 3 Nov 10 4330 P STO 0.90",-1120,4415.24,"2023-11-10","16:00:00",-2500,"Expired",4118.64,122.57857142857145,3,148434.24,3360,"",21.36,0.15,0.561,14.78,14.23,16.8,-2.13,124.11,-4.46
"2023-11-03","11:58:00",4361.81,"3 Nov 3 4350 P BTO 2.65 | 3 Nov 3 4360 C BTO 7.95 | 3 Nov 3 4385 C STO 0.60 | 3 Nov 3 4330 P STO 0.75",-935,4358.34,"2023-11-03","16:00:00",0,"Expired",-2826.36,-100.76149732620321,3,144315.6,2805,"",21.36,0.13,0.667,15.16,15.11,16.45,27.58,46.52,-100
"2023-11-02","10:30:00",4293.04,"3 Nov 2 4280 P BTO 4.50 | 3 Nov 2 4295 C BTO 8.00 | 3 Nov 2 4315 C STO 1.55 | 3 Nov 2 4260 P STO 1.35",-970,4317.78,"2023-11-02","16:00:00",-2000,"Expired",3068.64,105.45154639175259,3,147141.96,2910,"",21.36,0.23,0.146,15.95,15.58,30.4,24.78,106.19,-16.49
"2023-11-01","10:30:00",4222.72,"2 Nov 1 4210 P BTO 11.05 | 2 Nov 1 4225 C BTO 14.70 | 2 Nov 1 4245 C STO 6.40 | 2 Nov 1 4190 P STO 5.45",-1400,4237.86,"2023-11-01","16:00:00",-1286,"Expired",-242.24,-8.651428571428573,2,144073.32,2800,"",14.24,0.46,0.008,17.15,16.84,7.47,21.45,15.36,-38.21
"2023-10-31","10:30:00",4167.94,"2 Oct 31 4160 P BTO 7.15 | 2 Oct 31 4170 C BTO 9.50 | 2 Oct 31 4190 C STO 2.75 | 2 Oct 31 4135 P STO 1.75",-1225,4193.8,"2023-10-31","16:00:00",-2000,"Expired",1535.76,62.68408163265307,2,144315.56,2450,"",14.24,0.27,0.15,19.33,18.04,4.51,-3.39,63.27,-24.49
"2023-10-30","11:11:00",4150.63,"2 Oct 30 4140 P BTO 6.45 | 2 Oct 30 4150 C BTO 11.05 | 2 Oct 30 4170 C STO 3.35 | 2 Oct 30 4120 P STO 2.10",-1215,4166.82,"2023-10-30","16:00:00",-1682,"Expired",919.76,37.85020576131687,2,142779.8,2430,"",14.24,0.31,0.006,20.27,19.76,22.02,11.24,57.2,-20.16
"2023-10-27","10:37:00",4146.22,"2 Oct 27 4135 P BTO 7.85 | 2 Oct 27 4145 C BTO 13.30 | 2 Oct 27 4165 C STO 5.45 | 2 Oct 27 4115 P STO 2.80",-1300,4117.37,"2023-10-27","16:00:00",-1763,"Expired",911.76,35.067692307692305,2,141860.04,2600,"",14.24,0.39,0.011,19.93,21.29,15.7,-6.71,51.54,-21.15
"2023-10-24","10:30:00",4255.39,"2 Oct 24 4245 P BTO 6.70 | 2 Oct 24 4255 C BTO 11.40 | 2 Oct 24 4275 C STO 3.40 | 2 Oct 24 4225 P STO 2.45",-1235,4247.68,"2023-10-24","16:00:00",0,"Expired",-2484.24,-100.57651821862348,2,140948.28,2470,"",14.24,0.32,1,19.26,19.09,18.75,19.6,26.32,-100
"2023-10-20","11:58:00",4248.76,"2 Oct 20 4240 P BTO 8.15 | 2 Oct 20 4250 C BTO 11.85 | 2 Oct 20 4270 C STO 4.65 | 2 Oct 20 4215 P STO 1.85",-1360,4224.16,"2023-10-20","16:00:00",-1584,"Expired",433.76,15.947058823529412,2,143432.52,2720,"",14.24,0.32,0.006,20.78,21.36,-4.15,-25.09,19.85,-59.19
"2023-10-19","12:03:00",4331.95,"2 Oct 19 4320 P BTO 7.60 | 2 Oct 19 4330 C BTO 13.75 | 2 Oct 19 4355 C STO 4.00 | 2 Oct 19 4300 P STO 3.10",-1435,4278,"2023-10-19","16:00:00",-2000,"Expired",1115.76,38.87665505226481,2,142998.76,2870,"",14.24,0.33,0.545,18.85,20.9,6.76,10.59,39.72,-24.39
"2023-10-16","10:30:00",4371.46,"2 Oct 16 4360 P BTO 6.05 | 2 Oct 16 4370 C BTO 11.40 | 2 Oct 16 4395 C STO 2.15 | 2 Oct 16 4340 P STO 2.30",-1310,4373.63,"2023-10-16","16:00:00",-363,"Expired",-1908.24,-72.83358778625954,2,141883,2620,"",14.24,0.26,0.049,17.43,17.31,14.59,29.09,19.47,-72.29
"2023-10-12","11:14:00",4378.62,"3 Oct 12 4370 P BTO 5.55 | 3 Oct 12 4380 C BTO 8.30 | 3 Oct 12 4400 C STO 2.00 | 3 Oct 12 4345 P STO 1.05",-1090,4349.61,"2023-10-12","16:00:00",-2039,"Expired",2825.64,86.41100917431193,3,143791.24,3270,"",21.36,0.22,0.005,15.71,16.77,3.99,-2.32,118.81,-17.43
"2023-10-11","11:02:00",4371.02,"2 Oct 11 4360 P BTO 5.75 | 2 Oct 11 4370 C BTO 10.75 | 2 Oct 11 4395 C STO 2.30 | 2 Oct 11 4340 P STO 1.70",-1260,4376.95,"2023-10-11","16:00:00",-695,"Expired",-1144.24,-45.406349206349205,2,140965.6,2520,"",14.24,0.24,0.014,16.35,16.28,8.35,4.43,1.98,-82.94
"2023-10-10","10:30:00",4364.2,"2 Oct 10 4355 P BTO 7.10 | 2 Oct 10 4365 C BTO 9.90 | 2 Oct 10 4385 C STO 2.80 | 2 Oct 10 4330 P STO 1.95",-1235,4358.24,"2023-10-10","16:00:00",0,"Expired",-2484.24,-100.57651821862348,2,142109.84,2470,"",14.24,0.28,1,16.83,17.08,4.09,24.45,19.84,-100
"2023-10-04","10:38:00",4236.82,"2 Oct 4 4225 P BTO 6.70 | 2 Oct 4 4235 C BTO 12.35 | 2 Oct 4 4260 C STO 2.90 | 2 Oct 4 4205 P STO 2.55",-1370,4263.75,"2023-10-04","16:00:00",-2500,"Expired",2245.76,81.96204379562045,2,144594.08,2740,"",14.24,0.29,0.154,19.31,18.46,4.38,2.99,83.21,-38.32
"2023-09-29","10:32:00",4321.96,"2 Sep 29 4310 P BTO 7.10 | 2 Sep 29 4320 C BTO 13.00 | 2 Sep 29 4345 C STO 3.50 | 2 Sep 29 4290 P STO 2.75",-1395,4288.05,"2023-09-29","16:00:00",-2000,"Expired",1195.76,42.85878136200717,2,142348.32,2790,"",14.24,0.31,0.165,16.1,17.65,28.48,-6.22,43.37,-46.59
"2023-09-22","10:30:00",4344.33,"3 Sep 22 4335 P BTO 5.65 | 3 Sep 22 4345 C BTO 8.60 | 3 Sep 22 4365 C STO 2.25 | 3 Sep 22 4310 P STO 1.30",-1080,4320.06,"2023-09-22","16:00:00",-1494,"Expired",1220.64,37.67407407407408,3,141152.56,3240,"",21.36,0.25,0.006,16.55,17.21,11.74,2.59,67.59,-72.69
"2023-09-20","12:30:00",4454.89,"2 Sep 20 4445 P BTO 8.20 | 2 Sep 20 4455 C BTO 12.85 | 2 Sep 20 4475 C STO 5.10 | 2 Sep 20 4420 P STO 2.30",-1375,4402.2,"2023-09-20","16:00:00",-2500,"Expired",2235.76,81.30036363636364,2,139931.92,2750,"",14.24,0.35,0.399,13.92,14.97,8.86,2.08,84,-26.91
"2023-09-14","10:32:00",4489.02,"3 Sep 14 4480 P BTO 3.65 | 3 Sep 14 4490 C BTO 6.60 | 3 Sep 14 4510 C STO 0.95 | 3 Sep 14 4455 P STO 0.60",-880,4505.1,"2023-09-14","16:00:00",-1510,"Expired",1868.64,70.78181818181818,3,137696.16,2640,"",21.36,0.15,0.006,13.14,12.88,20.34,1.24,109.66,-2.27
"2023-09-13","10:37:00",4468.98,"3 Sep 13 4460 P BTO 4.05 | 3 Sep 13 4470 C BTO 6.85 | 3 Sep 13 4490 C STO 0.90 | 3 Sep 13 4435 P STO 0.60",-950,4467.44,"2023-09-13","16:00:00",0,"Expired",-2871.36,-100.74947368421053,3,135827.52,2850,"",21.36,0.14,1,13.69,13.52,0.75,6.33,12.11,-100
"2023-09-08","10:30:00",4471.12,"3 Sep 8 4460 P BTO 3.50 | 3 Sep 8 4470 C BTO 8.55 | 3 Sep 8 4495 C STO 0.85 | 3 Sep 8 4440 P STO 0.75",-1055,4457.49,"2023-09-08","16:00:00",-251,"Expired",-2433.36,-76.88341232227488,3,138698.88,3165,"",21.36,0.13,0.047,13.84,13.88,0.16,19.82,2.84,-76.21
"2023-09-01","10:30:00",4530.92,"3 Sep 1 4520 P BTO 3.70 | 3 Sep 1 4530 C BTO 8.80 | 3 Sep 1 4555 C STO 1.00 | 3 Sep 1 4495 P STO 0.70",-1090,4515.77,"2023-09-01","16:00:00",-423,"Expired",-2022.36,-61.845871559633025,3,141132.24,3270,"",21.36,0.14,0.018,13.06,13.13,22.94,0.32,45.41,-70.64
"2023-08-30","11:30:00",4510.17,"3 Aug 30 4500 P BTO 3.85 | 3 Aug 30 4510 C BTO 7.75 | 3 Aug 30 4535 C STO 0.80 | 3 Aug 30 4475 P STO 0.60",-1030,4514.87,"2023-08-30","16:00:00",-487,"Expired",-1650.36,-53.40970873786408,3,143154.6,3090,"",21.36,0.12,0.02,14.19,13.86,2.71,9.83,24.27,-77.67
"2023-08-25","11:30:00",4385.86,"2 Aug 25 4375 P BTO 7.65 | 2 Aug 25 4385 C BTO 13.00 | 2 Aug 25 4410 C STO 3.75 | 2 Aug 25 4355 P STO 2.95",-1405,4405.71,"2023-08-25","16:00:00",-2071,"Expired",1317.76,46.89537366548043,2,144804.96,2810,"",14.24,0.32,0.005,16.53,15.66,13.07,-3.52,69.75,-25.62
"2023-08-23","10:30:00",4415.71,"2 Aug 23 4405 P BTO 5.65 | 2 Aug 23 4415 C BTO 9.60 | 2 Aug 23 4440 C STO 1.15 | 2 Aug 23 4385 P STO 1.95",-1225,4436.01,"2023-08-23","16:00:00",-2101,"Expired",1737.76,70.92897959183674,2,143487.2,2450,"",14.24,0.2,0.005,16.38,15.98,8.89,19.27,91.02,-5.31
"2023-08-16","10:30:00",4442.16,"2 Aug 16 4430 P BTO 5.05 | 2 Aug 16 4440 C BTO 10.65 | 2 Aug 16 4465 C STO 1.95 | 2 Aug 16 4410 P STO 1.55",-1230,4404.33,"2023-08-16","16:00:00",-2000,"Expired",1525.76,62.02276422764228,2,141749.44,2460,"",14.24,0.22,0.214,16.02,16.83,-4.07,8.37,63.82,-51.22
"2023-08-10","10:30:00",4519.48,"2 Aug 10 4510 P BTO 6.25 | 2 Aug 10 4520 C BTO 10.00 | 2 Aug 10 4540 C STO 2.70 | 2 Aug 10 4485 P STO 2.05",-1160,4468.83,"2023-08-10","16:00:00",-2500,"Expired",2665.76,114.90344827586208,2,140223.68,2320,"",14.24,0.29,0.414,14.74,15.87,19.45,32.32,125.86,-2.16
"2023-08-09","10:30:00",4495.46,"3 Aug 9 4485 P BTO 4.15 | 3 Aug 9 4495 C BTO 8.55 | 3 Aug 9 4520 C STO 1.25 | 3 Aug 9 4460 P STO 0.65",-1090,4467.71,"2023-08-09","16:00:00",-1729,"Expired",1895.64,57.97064220183486,3,137557.92,3270,"",21.36,0.15,0.006,15.5,16.09,2.19,-6.11,66.97,-84.86
"2023-08-07","10:30:00",4507.2,"2 Aug 7 4495 P BTO 3.65 | 2 Aug 7 4505 C BTO 9.70 | 2 Aug 7 4530 C STO 1.00 | 2 Aug 7 4475 P STO 1.05",-1140,4518.44,"2023-08-07","16:00:00",-1344,"Expired",393.76,17.270175438596493,2,135662.28,2280,"",14.24,0.15,0.007,16.32,15.82,13.55,15.62,24.12,-59.65
"2023-08-04","10:30:00",4515.42,"2 Aug 4 4505 P BTO 4.75 | 2 Aug 4 4515 C BTO 9.30 | 2 Aug 4 4540 C STO 1.20 | 2 Aug 4 4480 P STO 1.00",-1195,4478.03,"2023-08-04","16:00:00",-2500,"Expired",2595.76,108.60920502092051,2,135268.52,2390,"",14.24,0.16,0.101,15.13,17.17,12.07,1.46,109.21,-40.59
"2023-07-21","10:30:00",4536.89,"3 Jul 21 4525 P BTO 3.55 | 3 Jul 21 4535 C BTO 8.60 | 3 Jul 21 4560 C STO 1.20 | 3 Jul 21 4505 P STO 0.75",-1030,4536.34,"2023-07-21","16:00:00",-134,"Expired",-2709.36,-87.68155339805826,3,132672.76,3090,"",21.36,0.16,0.074,13.64,13.62,15.29,-13.27,74.76,-86.99
"2023-07-13","11:30:00",4494.55,"4 Jul 13 4485 P BTO 2.55 | 4 Jul 13 4495 C BTO 5.85 | 4 Jul 13 4515 C STO 0.60 | 4 Jul 13 4460 P STO 0.30",-760,4510.04,"2023-07-13","16:00:00",-1504,"Expired",2947.52,96.9578947368421,4,135382.12,3040,"",28.48,0.11,0.006,13.27,13.54,19.34,3.05,146.71,-17.11
"2023-07-12","10:30:00",4485.64,"3 Jul 12 4475 P BTO 3.55 | 3 Jul 12 4485 C BTO 8.30 | 3 Jul 12 4510 C STO 1.00 | 3 Jul 12 4450 P STO 0.60",-1035,4472.16,"2023-07-12","16:00:00",-284,"Expired",-2274.36,-73.24830917874397,3,132434.6,3105,"",21.36,0.14,0.033,13.85,13.54,28.43,17.95,22.71,-79.23
"2023-07-11","10:36:00",4416.8,"3 Jul 11 4405 P BTO 2.55 | 3 Jul 11 4415 C BTO 8.00 | 3 Jul 11 4440 C STO 0.80 | 3 Jul 11 4385 P STO 0.45",-940,4439.26,"2023-07-11","16:00:00",-2426,"Expired",4436.64,157.3276595744681,3,134708.96,2820,"",21.36,0.12,0.014,14.7,14.87,6.02,1.25,162.23,-37.77
"2023-06-30","10:52:00",4441.28,"2 Jun 30 4430 P BTO 4.15 | 2 Jun 30 4440 C BTO 9.45 | 2 Jun 30 4465 C STO 1.45 | 2 Jun 30 4410 P STO 1.35",-1090,4450.38,"2023-06-30","16:00:00",-1038,"Expired",-118.24,-5.423853211009174,2,130272.32,2180,"",14.24,0.21,0.011,13.23,13.32,26,18.84,70.18,-18.81
"2023-06-27","10:30:00",4344.29,"3 Jun 27 4335 P BTO 3.50 | 3 Jun 27 4345 C BTO 6.75 | 3 Jun 27 4365 C STO 1.10 | 3 Jun 27 4310 P STO 0.45",-880,4378.41,"2023-06-27","16:00:00",-2000,"Expired",3338.64,126.46363636363635,3,130390.56,2640,"",21.36,0.15,0.438,13.9,13.75,8.54,6.93,128.41,-14.2
"2023-06-21","10:57:00",4366.8,"3 Jun 21 4355 P BTO 3.35 | 3 Jun 21 4365 C BTO 9.55 | 3 Jun 21 4390 C STO 1.70 | 3 Jun 21 4335 P STO 0.55",-1075,4365.69,"2023-06-21","16:00:00",-69,"Expired",-3039.36,-94.24372093023256,3,127051.92,3225,"",21.36,0.17,0.111,13.46,13.21,-8.7,-13.21,73.02,-93.58
"2023-06-16","10:30:00",4441.2,"2 Jun 16 4430 P BTO 4.80 | 2 Jun 16 4440 C BTO 10.15 | 2 Jun 16 4465 C STO 2.30 | 2 Jun 16 4410 P STO 1.25",-1150,4409.59,"2023-06-16","16:00:00",-2000,"Expired",1685.76,73.29391304347827,2,130091.28,2300,"",14.24,0.24,0.045,14.24,13.55,15.11,0.25,73.91,-46.96
"2023-06-02","10:30:00",4258.36,"2 Jun 2 4250 P BTO 5.90 | 2 Jun 2 4260 C BTO 8.30 | 2 Jun 2 4280 C STO 2.00 | 2 Jun 2 4225 P STO 1.30",-1100,4282.37,"2023-06-02","16:00:00",-2000,"Expired",1785.76,81.17090909090909,2,128405.52,2200,"",14.24,0.23,0.064,14.91,14.56,19.99,17.35,81.82,-3.64
"2023-06-01","10:30:00",4183.58,"3 Jun 1 4175 P BTO 4.60 | 3 Jun 1 4185 C BTO 6.95 | 3 Jun 1 4205 C STO 1.35 | 3 Jun 1 4150 P STO 0.75",-955,4221.02,"2023-06-01","16:00:00",-2000,"Expired",3113.64,108.6785340314136,3,126619.76,2865,"",21.36,0.18,0.418,16.8,15.76,3.2,0.55,113.61,-3.14
"2023-05-26","10:30:00",4196.76,"2 May 26 4185 P BTO 5.65 | 2 May 26 4195 C BTO 11.05 | 2 May 26 4220 C STO 2.10 | 2 May 26 4165 P STO 2.10",-1260,4205.45,"2023-05-26","16:00:00",-1045,"Expired",-444.24,-17.62857142857143,2,123506.12,2520,"",14.24,0.25,0.01,17.54,18.02,4.88,40.6,28.17,-39.29
"2023-05-25","11:08:00",4146.62,"2 May 25 4135 P BTO 4.35 | 2 May 25 4145 C BTO 9.70 | 2 May 25 4165 C STO 2.40 | 2 May 25 4115 P STO 1.30",-1045,4151.28,"2023-05-25","16:00:00",-628,"Expired",-848.24,-40.585645933014355,2,123950.36,2090,"",14.24,0.26,0.017,18.95,19.07,40.47,-9.09,44.98,-39.9
"2023-05-17","11:41:00",4132.06,"3 May 17 4120 P BTO 2.45 | 3 May 17 4130 C BTO 7.30 | 3 May 17 4155 C STO 0.55 | 3 May 17 4100 P STO 0.55",-875,4158.77,"2023-05-17","16:00:00",-2500,"Expired",4853.64,184.90057142857142,3,124798.6,2625,"",21.36,0.11,0.153,17.1,16.81,12.95,9.21,185.71,-9.71
"2023-05-05","10:30:00",4118.14,"2 May 5 4110 P BTO 6.55 | 2 May 5 4120 C BTO 8.40 | 2 May 5 4140 C STO 2.05 | 2 May 5 4085 P STO 1.95",-1105,4136.25,"2023-05-05","16:00:00",-1625,"Expired",1025.76,46.41447963800905,2,119944.96,2210,"",14.24,0.27,0.006,17.74,16.99,23.51,33.41,66.52,-25.79
"2023-04-28","10:30:00",4158.24,"2 Apr 28 4150 P BTO 6.65 | 2 Apr 28 4160 C BTO 9.05 | 2 Apr 28 4180 C STO 2.45 | 2 Apr 28 4125 P STO 1.95",-1140,4169.48,"2023-04-28","16:00:00",-948,"Expired",-398.24,-17.466666666666665,2,118919.2,2280,"",14.24,0.28,0.01,16.23,15.9,-5.72,28.61,25,-73.25
"2023-04-27","10:30:00",4093.1,"2 Apr 27 4085 P BTO 5.25 | 2 Apr 27 4095 C BTO 7.30 | 2 Apr 27 4115 C STO 1.30 | 2 Apr 27 4060 P STO 1.45",-990,4135.35,"2023-04-27","16:00:00",-2000,"Expired",2005.76,101.30101010101009,2,119317.44,1980,"",14.24,0.22,0.528,17.4,16.99,19.3,17.81,103.54,-12.63
"2023-04-19","10:39:00",4143.09,"3 Apr 19 4135 P BTO 4.45 | 3 Apr 19 4145 C BTO 6.50 | 3 Apr 19 4165 C STO 0.95 | 3 Apr 19 4110 P STO 0.70",-940,4154.52,"2023-04-19","16:00:00",-952,"Expired",14.64,0.5191489361702128,3,117311.68,2820,"",21.36,0.15,0.009,16.64,16.32,-15.54,3.76,52.13,-42.02
"2023-04-13","10:30:00",4119.49,"2 Apr 13 4110 P BTO 5.40 | 2 Apr 13 4120 C BTO 8.60 | 2 Apr 13 4140 C STO 1.80 | 2 Apr 13 4090 P STO 1.75",-1055,4146.22,"2023-04-13","16:00:00",-2000,"Expired",1875.76,88.89857819905214,2,117297.04,2110,"",14.24,0.25,0.234,18.33,17.83,8.09,19.45,89.57,-18.48
"2023-03-31","10:39:00",4073.62,"3 Mar 31 4065 P BTO 4.35 | 3 Mar 31 4075 C BTO 7.20 | 3 Mar 31 4095 C STO 1.35 | 3 Mar 31 4045 P STO 1.65",-865,4109.31,"2023-03-31","16:00:00",-2000,"Expired",3383.64,130.3907514450867,3,115421.28,2595,"",21.36,0.26,0.333,18.73,18.87,5.35,17.44,134.68,-4.62
"2023-03-23","10:30:00",3982.06,"2 Mar 23 3970 P BTO 8.45 | 2 Mar 23 3980 C BTO 13.55 | 2 Mar 23 4000 C STO 4.60 | 2 Mar 23 3950 P STO 4.10",-1340,3948.72,"2023-03-23","16:00:00",-2000,"Expired",1305.76,48.722388059701494,2,112037.64,2680,"",14.24,0.4,0.1,20.61,22.87,22.24,22.85,49.25,-36.57
"2023-03-22","10:30:00",4012.88,"1 Mar 22 4005 P BTO 23.90 | 1 Mar 22 4015 C BTO 26.25 | 1 Mar 22 4035 C STO 17.30 | 1 Mar 22 3985 P STO 15.70",-1725,3936.97,"2023-03-22","16:00:00",-2000,"Expired",267.88,15.52927536231884,1,110731.88,1725,"",7.12,0.66,0.705,20.36,22.3,-0.83,10.84,16.23,-48.12
"2023-03-21","10:30:00",3979.64,"2 Mar 21 3970 P BTO 7.70 | 2 Mar 21 3980 C BTO 11.50 | 2 Mar 21 4000 C STO 3.95 | 2 Mar 21 3950 P STO 2.95",-1240,4002.87,"2023-03-21","16:00:00",-2000,"Expired",1505.76,60.71612903225806,2,110464,2480,"",14.24,0.36,0.034,22.28,21.46,24.32,3.75,69.76,-45.97
"2023-03-14","10:30:00",3925.35,"2 Mar 14 3915 P BTO 10.40 | 2 Mar 14 3925 C BTO 13.90 | 2 Mar 14 3945 C STO 5.60 | 2 Mar 14 3895 P STO 5.25",-1355,3919.29,"2023-03-14","16:00:00",0,"Expired",-2724.24,-100.52546125461255,2,108958.24,2710,"",14.24,0.45,1,22.93,23.72,38.25,31.34,42.8,-100
"2023-03-03","10:30:00",4017.37,"2 Mar 3 4005 P BTO 5.65 | 2 Mar 3 4015 C BTO 11.90 | 2 Mar 3 4035 C STO 3.55 | 2 Mar 3 3985 P STO 1.90",-1220,4045.64,"2023-03-03","16:00:00",-2000,"Expired",1545.76,63.350819672131145,2,111682.48,2440,"",14.24,0.31,0.417,18.96,18.5,16.67,19.35,65.57,-11.48
"2023-02-27","10:30:00",4012.79,"2 Feb 27 4005 P BTO 7.55 | 2 Feb 27 4015 C BTO 9.35 | 2 Feb 27 4035 C STO 2.40 | 2 Feb 27 3985 P STO 2.75",-1185,3982.24,"2023-02-27","16:00:00",-2000,"Expired",1615.76,68.17552742616033,2,110136.72,2370,"",14.24,0.3,0.132,20.88,20.96,22.32,20.43,68.78,-28.27
"2023-02-23","10:30:00",4016.72,"2 Feb 23 4005 P BTO 6.30 | 2 Feb 23 4015 C BTO 11.75 | 2 Feb 23 4035 C STO 3.90 | 2 Feb 23 3985 P STO 2.10",-1215,4012.32,"2023-02-23","16:00:00",0,"Expired",-2444.24,-100.58600823045268,2,108520.96,2430,"",14.24,0.33,1,21.26,21.11,27.55,-1.88,39.51,-100
"2023-02-15","10:30:00",4117.17,"2 Feb 15 4105 P BTO 6.50 | 2 Feb 15 4115 C BTO 12.50 | 2 Feb 15 4140 C STO 3.40 | 2 Feb 15 4085 P STO 2.30",-1340,4147.6,"2023-02-15","16:00:00",-2500,"Expired",2305.76,86.03582089552239,2,110965.2,2680,"",14.24,0.3,0.235,18.48,18.26,-16.63,-2.33,91.42,-14.93
"2023-02-14","10:30:00",4143.35,"1 Feb 14 4135 P BTO 9.80 | 1 Feb 14 4145 C BTO 12.35 | 1 Feb 14 4165 C STO 4.80 | 1 Feb 14 4110 P STO 3.65",-1380,4136.13,"2023-02-14","16:00:00",0,"Expired",-1387.12,-100.5159420289855,1,108659.44,1380,"",7.12,0.38,0.5,19.19,18.69,-10.59,16.65,46.38,-100
"2023-02-03","10:30:00",4162.99,"1 Feb 3 4155 P BTO 10.90 | 1 Feb 3 4165 C BTO 12.60 | 1 Feb 3 4185 C STO 5.50 | 1 Feb 3 4130 P STO 3.90",-1420,4136.48,"2023-02-03","16:00:00",-1852,"Expired",424.88,29.921126760563382,1,110046.56,1420,"",7.12,0.4,0.006,18.25,18.42,-43.07,26.3,55.28,-20.42
"2023-01-20","10:30:00",3922.44,"2 Jan 20 3915 P BTO 6.90 | 2 Jan 20 3920 C BTO 10.90 | 2 Jan 20 3940 C STO 3.25 | 2 Jan 20 3895 P STO 2.25",-1240,3972.61,"2023-01-20","16:00:00",-2000,"Expired",1505.76,60.71612903225806,2,109621.68,2480,"",14.24,0.31,0.613,19.74,19.78,10.19,13.4,62.1,-11.69
"2023-01-12","10:30:00",3973.24,"2 Jan 12 3965 P BTO 10.60 | 2 Jan 12 3975 C BTO 13.00 | 2 Jan 12 3995 C STO 5.50 | 2 Jan 12 3945 P STO 4.60",-1360,3983.17,"2023-01-12","16:00:00",-817,"Expired",-1100.24,-40.45,2,108115.92,2720,"",14.24,0.43,0.013,19.67,18.88,7.96,-4.33,11.76,-80.51
"2023-01-06","10:30:00",3842.8,"2 Jan 6 3835 P BTO 9.50 | 2 Jan 6 3845 C BTO 12.20 | 2 Jan 6 3860 C STO 5.90 | 2 Jan 6 3815 P STO 4.10",-1180,3895.08,"2023-01-06","16:00:00",-1500,"Expired",625.76,26.515254237288133,2,109216.16,2360,"",14.24,0.46,0.693,21.58,21.12,15.27,19.43,31.78,-2.54
"2022-12-29","10:30:00",3838.44,"2 Dec 29 3830 P BTO 7.05 | 2 Dec 29 3840 C BTO 9.30 | 2 Dec 29 3860 C STO 2.30 | 2 Dec 29 3810 P STO 2.85",-1130,3849.28,"2022-12-29","16:00:00",-928,"Expired",-418.24,-18.506194690265488,2,108590.4,2260,"",14.24,0.31,0.012,21.64,21.45,22.23,32.99,28.76,-18.14
"2022-12-23","10:30:00",3829.6,"2 Dec 23 3820 P BTO 9.10 | 2 Dec 23 3830 C BTO 13.40 | 2 Dec 23 3850 C STO 5.50 | 2 Dec 23 3800 P STO 4.10",-1300,3844.82,"2022-12-23","16:00:00",-1482,"Expired",349.76,13.452307692307691,2,109008.64,2600,"",14.24,0.43,0.007,21.54,20.94,-7.28,14.49,14,-61.15
"2022-12-21","10:30:00",3867.1,"2 Dec 21 3855 P BTO 5.35 | 2 Dec 21 3865 C BTO 11.60 | 2 Dec 21 3885 C STO 3.20 | 2 Dec 21 3840 P STO 2.35",-1150,3878.44,"2022-12-21","16:00:00",-1344,"Expired",373.76,16.250434782608693,2,108658.88,2300,"",14.24,0.33,0.009,20.05,20.08,17.87,27.61,47.39,-62.17
"2022-11-22","10:30:00",3975.71,"2 Nov 22 3965 P BTO 6.10 | 2 Nov 22 3975 C BTO 11.05 | 2 Nov 22 3995 C STO 3.25 | 2 Nov 22 3945 P STO 1.85",-1215,4003.58,"2022-11-22","16:00:00",-2000,"Expired",1555.76,64.0230452674897,2,108285.12,2430,"",14.24,0.3,0.319,21.93,21.37,15.57,10.2,72.43,-19.34
"2022-11-10","10:48:00",3904.09,"1 Nov 10 3895 P BTO 11.80 | 1 Nov 10 3905 C BTO 14.85 | 1 Nov 10 3925 C STO 6.40 | 1 Nov 10 3875 P STO 6.65",-1370,3956.37,"2022-11-10","16:00:00",-2000,"Expired",622.88,45.465693430656934,1,106729.36,1370,"",7.12,0.49,0.591,23.14,23.4,111.32,44.2,46.72,-10.22
"2022-11-04","10:30:00",3785.31,"1 Nov 4 3775 P BTO 10.35 | 1 Nov 4 3785 C BTO 14.55 | 1 Nov 4 3805 C STO 5.90 | 1 Nov 4 3755 P STO 5.05",-1405,3770.55,"2022-11-04","16:00:00",-445,"Expired",-967.12,-68.83416370106762,1,106106.48,1405,"",7.12,0.44,0.022,24.24,24.64,47.09,18.33,41.28,-68.33
"2022-10-28","10:30:00",3850.02,"1 Oct 28 3840 P BTO 10.25 | 1 Oct 28 3850 C BTO 14.65 | 1 Oct 28 3870 C STO 6.35 | 1 Oct 28 3820 P STO 4.70",-1395,3901.06,"2022-10-28","16:00:00",-2000,"Expired",597.88,42.85878136200717,1,107073.6,1395,"",7.12,0.44,0.599,26.62,26.02,0.96,41.76,44.09,-4.3
"2022-10-26","10:30:00",3856.91,"2 Oct 26 3845 P BTO 8.80 | 2 Oct 26 3855 C BTO 14.70 | 2 Oct 26 3875 C STO 6.05 | 2 Oct 26 3830 P STO 4.95",-1260,3830.6,"2022-10-26","16:00:00",-1440,"Expired",345.76,13.72063492063492,2,106475.72,2520,"",14.24,0.47,0.016,27.56,27.42,-33.14,30.94,31.75,-55.56
"2022-10-25","10:34:00",3834.95,"1 Oct 25 3825 P BTO 10.00 | 1 Oct 25 3835 C BTO 13.80 | 1 Oct 25 3855 C STO 5.60 | 1 Oct 25 3805 P STO 4.90",-1340,3859.11,"2022-10-25","16:00:00",-2000,"Expired",652.88,48.722388059701494,1,106129.96,1340,"",7.12,0.44,0.21,29.37,28.32,2.1,35.51,49.25,-23.88
"2022-10-17","10:30:00",3677.75,"2 Oct 17 3670 P BTO 12.60 | 2 Oct 17 3680 C BTO 14.95 | 2 Oct 17 3695 C STO 8.60 | 2 Oct 17 3650 P STO 6.70",-1235,3677.95,"2022-10-17","16:00:00",0,"Expired",-2484.24,-100.57651821862348,2,105477.08,2470,"",14.24,0.56,0.667,31.11,31.23,55.58,39.1,6.07,-100
"2022-10-13","10:32:00",3536.21,"1 Oct 13 3525 P BTO 13.85 | 1 Oct 13 3535 C BTO 19.15 | 1 Oct 13 3555 C STO 10.00 | 1 Oct 13 3510 P STO 9.05",-1405,3669.91,"2022-10-13","16:00:00",-2000,"Expired",587.88,41.84199288256228,1,107961.32,1405,"",7.12,0.58,0.847,33.15,32.09,-56.66,15.84,47.33,-3.56
"2022-10-03","10:30:00",3656.76,"1 Oct 3 3650 P BTO 12.20 | 1 Oct 3 3655 C BTO 15.70 | 1 Oct 3 3675 C STO 6.70 | 1 Oct 3 3630 P STO 6.40",-1490,3678.43,"2022-10-03","16:00:00",-2000,"Expired",502.88,33.750335570469794,1,107373.44,1490,"",7.12,0.47,0.138,30.08,30.19,24.16,46.98,34.23,-12.42
"2022-09-30","10:30:00",3643.49,"1 Sep 30 3635 P BTO 16.25 | 1 Sep 30 3645 C BTO 19.25 | 1 Sep 30 3660 C STO 12.35 | 1 Sep 30 3615 P STO 9.50",-1375,3585.62,"2022-09-30","16:00:00",-2000,"Expired",617.88,44.936727272727275,1,106870.56,1375,"",7.12,0.62,0.582,30.67,33.25,-6.99,10.01,58.18,-15.64
"2022-09-27","10:47:00",3702.23,"1 Sep 27 3695 P BTO 12.80 | 1 Sep 27 3700 C BTO 16.95 | 1 Sep 27 3720 C STO 7.90 | 1 Sep 27 3675 P STO 6.60",-1535,3647.29,"2022-09-27","16:00:00",-2000,"Expired",457.88,29.82931596091205,1,106252.68,1535,"",7.12,0.49,0.567,30.83,32.69,31.4,15.79,31.27,-2.61
"2022-09-21","10:30:00",3887.16,"1 Sep 21 3875 P BTO 27.05 | 1 Sep 21 3885 C BTO 33.60 | 1 Sep 21 3905 C STO 24.05 | 1 Sep 21 3860 P STO 21.00",-1570,3789.93,"2022-09-21","16:00:00",-1500,"Expired",-77.12,-4.912101910828025,1,105794.8,1570,"",7.12,0.74,0.825,26.21,28.14,15.47,15.76,0,-30.25
"2022-09-14","10:44:00",3948.73,"1 Sep 14 3940 P BTO 12.25 | 1 Sep 14 3950 C BTO 15.10 | 1 Sep 14 3970 C STO 7.00 | 1 Sep 14 3920 P STO 6.35",-1410,3946.01,"2022-09-14","16:00:00",0,"Expired",-1417.12,-100.50496453900708,1,105871.92,1410,"",7.12,0.49,0.5,26.69,26.31,8.04,8,20.57,-100
"2022-09-09","10:30:00",4053.34,"2 Sep 9 4045 P BTO 10.30 | 2 Sep 9 4055 C BTO 12.70 | 2 Sep 9 4075 C STO 4.70 | 2 Sep 9 4025 P STO 5.10",-1330,4067.36,"2022-09-09","16:00:00",-1236,"Expired",-202.24,-7.603007518796994,2,107289.04,2660,"",14.24,0.43,0.007,22.81,22.93,16.76,30.4,31.95,-18.42
"2022-09-07","10:30:00",3925.66,"1 Sep 7 3915 P BTO 10.80 | 1 Sep 7 3925 C BTO 15.90 | 1 Sep 7 3945 C STO 7.40 | 1 Sep 7 3895 P STO 5.40",-1400,3979.87,"2022-09-07","16:00:00",-2000,"Expired",592.88,42.34857142857143,1,107491.28,1400,"",7.12,0.48,0.638,26.01,24.71,1.24,16.23,46.43,-3.21
"2022-09-02","10:30:00",4006.24,"1 Sep 2 3995 P BTO 10.00 | 1 Sep 2 4005 C BTO 15.35 | 1 Sep 2 4025 C STO 6.85 | 1 Sep 2 3975 P STO 4.90",-1370,3924.26,"2022-09-02","16:00:00",-2000,"Expired",622.88,45.465693430656934,1,106898.4,1370,"",7.12,0.46,0.716,23.54,25.59,27.81,11.58,51.82,-16.06
"2022-08-31","10:45:00",3992.51,"2 Aug 31 3985 P BTO 11.55 | 2 Aug 31 3995 C BTO 13.65 | 2 Aug 31 4010 C STO 7.60 | 2 Aug 31 3965 P STO 5.30",-1240,3955,"2022-08-31","16:00:00",-2000,"Expired",1505.76,60.71612903225806,2,106275.52,2480,"",14.24,0.51,0.346,25.7,25.93,14.51,-8.16,74.19,-38.71
"2022-08-24","10:30:00",4139.03,"2 Aug 24 4130 P BTO 6.70 | 2 Aug 24 4140 C BTO 8.85 | 2 Aug 24 4160 C STO 2.30 | 2 Aug 24 4110 P STO 2.30",-1105,4140.77,"2022-08-24","16:00:00",-77,"Expired",-2070.24,-93.67601809954749,2,104769.76,2210,"",14.24,0.3,0.133,23.37,22.86,-2.18,12.48,24.89,-93.03
"2022-08-12","10:30:00",4233.21,"2 Aug 12 4225 P BTO 6.60 | 2 Aug 12 4235 C BTO 9.15 | 2 Aug 12 4255 C STO 2.25 | 2 Aug 12 4200 P STO 1.95",-1165,4280.15,"2022-08-12","16:00:00",-2000,"Expired",1655.76,71.06266094420602,2,106840,2330,"",14.24,0.27,0.549,19.39,19.56,17.75,8.19,84.98,-7.73
"2022-08-10","10:30:00",4186.5,"2 Aug 10 4175 P BTO 7.35 | 2 Aug 10 4185 C BTO 12.65 | 2 Aug 10 4205 C STO 4.25 | 2 Aug 10 4155 P STO 2.90",-1295,4210.24,"2022-08-10","16:00:00",-2000,"Expired",1395.76,53.89034749034749,2,105184.24,2590,"",14.24,0.36,0.15,20.08,19.68,58.55,5.48,54.44,-24.32
"2022-08-03","10:30:00",4127.15,"1 Aug 3 4115 P BTO 6.60 | 1 Aug 3 4125 C BTO 13.20 | 1 Aug 3 4150 C STO 3.55 | 1 Aug 3 4095 P STO 2.30",-1405,4155.17,"2022-08-03","16:00:00",-2500,"Expired",1087.88,77.42918149466192,1,103788.48,1405,"",7.12,0.3,0.168,22.38,21.89,16.77,19.19,86.48,-6.05
"2022-07-29","10:30:00",4117.45,"1 Jul 29 4105 P BTO 8.90 | 1 Jul 29 4115 C BTO 14.45 | 1 Jul 29 4140 C STO 4.30 | 1 Jul 29 4085 P STO 4.10",-1505,4130.29,"2022-07-29","16:00:00",-1529,"Expired",16.88,1.121594684385382,1,102700.6,1505,"",7.12,0.36,0.006,21.61,21.48,14.9,30.12,43.52,-36.88
"2022-07-28","11:32:00",4045.43,"2 Jul 28 4035 P BTO 7.15 | 2 Jul 28 4045 C BTO 10.80 | 2 Jul 28 4065 C STO 3.20 | 2 Jul 28 4015 P STO 2.65",-1220,4072.43,"2022-07-28","16:00:00",-2000,"Expired",1545.76,63.350819672131145,2,102683.72,2440,"",14.24,0.33,0.265,22.39,22.49,2.52,19.3,70.49,-6.97
"2022-07-27","10:30:00",3968.65,"1 Jul 27 3960 P BTO 18.60 | 1 Jul 27 3970 C BTO 21.80 | 1 Jul 27 3990 C STO 12.70 | 1 Jul 27 3940 P STO 11.50",-1630,4023.61,"2022-07-27","16:00:00",-2000,"Expired",362.88,22.262576687116564,1,101137.96,1630,"",7.12,0.6,0.618,23.53,23.18,30.38,17.22,24.85,-7.67
"2022-07-22","11:01:00",3997.54,"2 Jul 22 3990 P BTO 8.05 | 2 Jul 22 4000 C BTO 10.25 | 2 Jul 22 4020 C STO 3.60 | 2 Jul 22 3970 P STO 3.10",-1170,3961.63,"2022-07-22","16:00:00",-2000,"Expired",1645.76,70.33162393162394,2,100775.08,2340,"",14.24,0.37,0.256,22.54,22.97,-0.52,-0.89,82.48,-6.41
"2022-07-20","10:30:00",3947.14,"2 Jul 20 3935 P BTO 7.60 | 2 Jul 20 3945 C BTO 13.25 | 2 Jul 20 3965 C STO 5.40 | 2 Jul 20 3920 P STO 3.90",-1165,3959.9,"2022-07-20","16:00:00",-1490,"Expired",635.76,27.285836909871243,2,99129.32,2330,"",14.24,0.45,0.014,23.8,23.83,-1.37,11.82,63.95,-24.46
"2022-07-15","10:30:00",3853.37,"1 Jul 15 3845 P BTO 11.10 | 1 Jul 15 3855 C BTO 13.95 | 1 Jul 15 3875 C STO 5.55 | 1 Jul 15 3825 P STO 5.45",-1415,3863.16,"2022-07-15","16:00:00",-816,"Expired",-606.12,-42.83533568904594,1,98493.56,1415,"",7.12,0.44,0.013,24.62,24.16,27.62,35.37,0,-90.46
"2022-07-07","10:30:00",3880.75,"1 Jul 7 3870 P BTO 8.30 | 1 Jul 7 3880 C BTO 13.30 | 1 Jul 7 3900 C STO 5.10 | 1 Jul 7 3850 P STO 3.55",-1305,3902.62,"2022-07-07","16:00:00",-2000,"Expired",687.88,52.71111111111111,1,99099.68,1305,"",7.12,0.4,0.111,25.93,25.91,13.77,21.9,53.26,-12.26
"2022-07-01","11:14:00",3779.53,"1 Jul 1 3770 P BTO 10.60 | 1 Jul 1 3780 C BTO 14.75 | 1 Jul 1 3800 C STO 6.75 | 1 Jul 1 3750 P STO 5.00",-1370,3825.33,"2022-07-01","16:00:00",-2000,"Expired",622.88,45.465693430656934,1,98411.8,1370,"",7.12,0.46,0.558,28.06,26.77,-4.38,-1.47,59.49,-21.17
"2022-06-24","10:30:00",3880.12,"1 Jun 24 3870 P BTO 9.75 | 1 Jun 24 3880 C BTO 13.75 | 1 Jun 24 3900 C STO 5.10 | 1 Jun 24 3850 P STO 4.95",-1355,3911.74,"2022-06-24","16:00:00",-2000,"Expired",637.88,47.0760147601476,1,97788.92,1355,"",7.12,0.43,0.332,27.83,27.4,26.02,58.37,56.46,-19.93
"2022-06-21","10:49:00",3773.91,"1 Jun 21 3765 P BTO 10.10 | 1 Jun 21 3775 C BTO 12.70 | 1 Jun 21 3795 C STO 4.40 | 1 Jun 21 3745 P STO 4.90",-1360,3764.79,"2022-06-21","16:00:00",-21,"Expired",-1346.12,-98.97941176470587,1,97151.04,1360,"",7.12,0.41,0.087,29.95,30.07,40.47,58.6,2.57,-98.46
"2022-06-17","11:04:00",3663.85,"1 Jun 17 3655 P BTO 16.55 | 1 Jun 17 3665 C BTO 20.40 | 1 Jun 17 3680 C STO 13.90 | 1 Jun 17 3635 P STO 9.40",-1375,3674.84,"2022-06-17","16:00:00",-984,"Expired",-398.12,-28.95418181818182,1,98497.16,1375,"",7.12,0.63,0.012,32.12,30.97,-0.87,-2.05,2.18,-31.64
"2022-06-15","11:52:00",3769.34,"1 Jun 15 3760 P BTO 28.00 | 1 Jun 15 3770 C BTO 32.05 | 1 Jun 15 3790 C STO 22.95 | 1 Jun 15 3740 P STO 19.90",-1730,3789.99,"2022-06-15","16:00:00",-1999,"Expired",261.88,15.13757225433526,1,98895.28,1730,"",7.12,0.71,0.019,30.45,29.31,28.57,5.29,15.55,-32.95
"2022-06-14","10:47:00",3744.07,"1 Jun 14 3735 P BTO 14.35 | 1 Jun 14 3745 C BTO 18.75 | 1 Jun 14 3765 C STO 10.55 | 1 Jun 14 3715 P STO 7.50",-1515,3735.48,"2022-06-14","16:00:00",0,"Expired",-1522.12,-100.46996699669965,1,98633.4,1515,"",7.12,0.55,0.286,32.96,32.27,13.89,-19.45,6.6,-100
"2022-05-27","10:30:00",4121.24,"1 May 27 4110 P BTO 8.45 | 1 May 27 4120 C BTO 13.65 | 1 May 27 4140 C STO 4.95 | 1 May 27 4090 P STO 4.00",-1325,4158.24,"2022-05-27","16:00:00",-2000,"Expired",667.88,50.406037735849054,1,100155.52,1325,"",7.12,0.4,0.421,25.98,25.58,19.59,43.81,55.85,-15.47
"2022-05-26","10:30:00",4037.57,"1 May 26 4025 P BTO 11.50 | 1 May 26 4040 C BTO 15.70 | 1 May 26 4060 C STO 7.20 | 1 May 26 4005 P STO 6.20",-1390,4057.84,"2022-05-26","16:00:00",-1784,"Expired",386.88,27.83309352517986,1,99487.64,1390,"",7.12,0.49,0.023,27.54,27.25,5.87,52.97,39.93,-18.35
"2022-05-23","11:40:00",3974.75,"1 May 23 3965 P BTO 12.35 | 1 May 23 3975 C BTO 16.35 | 1 May 23 3995 C STO 7.30 | 1 May 23 3945 P STO 6.50",-1500,3973.75,"2022-05-23","16:00:00",0,"Expired",-1507.12,-100.47466666666666,1,99100.76,1500,"",7.12,0.48,0.5,28.96,28.42,18.06,55.33,0,-100
"2022-05-17","11:30:00",4059.49,"1 May 17 4050 P BTO 11.20 | 1 May 17 4060 C BTO 14.65 | 1 May 17 4080 C STO 6.70 | 1 May 17 4030 P STO 5.40",-1385,4088.85,"2022-05-17","16:00:00",-2000,"Expired",607.88,43.890252707581226,1,100607.88,1385,"",7.12,0.47,0.301,26.33,26.13,43.99,7.49,51.62,-25.63
